<?xml version='1.0' encoding='UTF-8'?>
<?artifactRepository version='1.1.0'?>
<repository name='repository' type='org.eclipse.equinox.p2.artifact.repository.simpleRepository' version='1'>
  <properties size='3'>
    <property name='p2.timestamp' value='1704717426006'/>
    <property name='p2.compressed' value='true'/>
    <property name='publishPackFilesAsSiblings' value='true'/>
  </properties>
  <mappings size='3'>
    <rule filter='(&amp; (classifier=osgi.bundle))' output='${repoUrl}/plugins/${id}_${version}.jar'/>
    <rule filter='(&amp; (classifier=binary))' output='${repoUrl}/binary/${id}_${version}'/>
    <rule filter='(&amp; (classifier=org.eclipse.update.feature))' output='${repoUrl}/features/${id}_${version}.jar'/>
  </mappings>
  <artifacts size='15'>
    <artifact classifier='osgi.bundle' id='org.eclipse.lsp4j.jsonrpc.debug' version='0.21.1.v20230829-0012'>
      <properties size='11'>
        <property name='artifact.size' value='28467'/>
        <property name='download.size' value='28467'/>
        <property name='download.md5' value='3471800170b2633f2b14ecba78b592c4'/>
        <property name='download.checksum.md5' value='3471800170b2633f2b14ecba78b592c4'/>
        <property name='download.checksum.sha-256' value='4219852a8350f638a407832bcbfa27d43cfe36546fb023a6d9a972218ddbd967'/>
        <property name='maven-groupId' value='org.eclipse.lsp4j'/>
        <property name='maven-artifactId' value='org.eclipse.lsp4j.jsonrpc.debug'/>
        <property name='maven-version' value='0.21.1'/>
        <property name='maven-repository' value='local-gradle-result'/>
        <property name='download.checksum.sha-512' value='a6b7d5cd95970e4a425f1376d8a18beae6f18afb49019702e4d2d5c7cb97e7545ac71a57366598eb5117e37733aa4ae69ac4e95cdf03e01ad14b3ed632e5a0b3'/>
        <property name='download.checksum.sha-1' value='3bfef663abb5a5fd92f87424b722e96a8cc9aef1'/>
      </properties>
    </artifact>
    <artifact classifier='osgi.bundle' id='org.eclipse.lsp4e.debug.source' version='0.15.6.202311221020'>
      <properties size='10'>
        <property name='artifact.size' value='61349'/>
        <property name='download.size' value='61349'/>
        <property name='download.checksum.sha-512' value='20dc719ef5037391ab22f2c05647fd755a57d1c81b21240196ccdfe7d448a0013d07f76a1ef694d71d0bb72e88752d92eb2d8f2494fd85e0b6486cdfd89b74f8'/>
        <property name='download.checksum.sha-1' value='3b03feea768b3960fc24ae5e51d940f3f1f61d51'/>
        <property name='download.checksum.sha-256' value='c04837a092027ba92f587d74980ca22ce25dd0a65ca4894def8c151496d01b63'/>
        <property name='maven-groupId' value='org.eclipse.lsp4e'/>
        <property name='maven-artifactId' value='org.eclipse.lsp4e.debug'/>
        <property name='maven-version' value='0.15.6-SNAPSHOT'/>
        <property name='maven-classifier' value='sources'/>
        <property name='maven-type' value='java-source'/>
      </properties>
    </artifact>
    <artifact classifier='osgi.bundle' id='org.eclipse.lsp4e.test' version='0.15.8.202311102035'>
      <properties size='9'>
        <property name='artifact.size' value='279706'/>
        <property name='download.size' value='279706'/>
        <property name='download.checksum.sha-512' value='6f629af8c77fb4620f0a267d67e22aafdb4e0cbbf061a7f481f3ffe946a0ab905c06b48890877d2da2414a0e932c38f2eacd469e7aac91a2f60d00da9e860d78'/>
        <property name='download.checksum.sha-1' value='fcb286a07e4c6f42cc435c9068cb5a78fbf4e21a'/>
        <property name='download.checksum.sha-256' value='4b920a35917c2991defde91842a23a5a8f8e548c1411a29f7251d246882de5e5'/>
        <property name='maven-groupId' value='org.eclipse.lsp4e'/>
        <property name='maven-artifactId' value='org.eclipse.lsp4e.test'/>
        <property name='maven-version' value='0.15.8-SNAPSHOT'/>
        <property name='maven-type' value='eclipse-test-plugin'/>
      </properties>
    </artifact>
    <artifact classifier='osgi.bundle' id='org.eclipse.lsp4e.debug' version='0.15.6.202311221020'>
      <properties size='9'>
        <property name='artifact.size' value='111816'/>
        <property name='download.size' value='111816'/>
        <property name='download.checksum.sha-512' value='6f947c70abc70f43ca150489a1723a116417eae9eae17cb845857a2e7f0a507705895f2836a3a410fafbc47b3b1b8096da097b1e6062d7e759ef00a5cfd1288a'/>
        <property name='download.checksum.sha-1' value='c9c0a9fa60e5cbba31d37f6fb0ef78f6118808b3'/>
        <property name='download.checksum.sha-256' value='d9c8e31b7107e82f853d4936f94afa9bdcb08e912d395ff439ef7dcc84dac022'/>
        <property name='maven-groupId' value='org.eclipse.lsp4e'/>
        <property name='maven-artifactId' value='org.eclipse.lsp4e.debug'/>
        <property name='maven-version' value='0.15.6-SNAPSHOT'/>
        <property name='maven-type' value='eclipse-plugin'/>
      </properties>
    </artifact>
    <artifact classifier='osgi.bundle' id='org.eclipse.lsp4j' version='0.21.1.v20230829-0012'>
      <properties size='11'>
        <property name='artifact.size' value='1131643'/>
        <property name='download.size' value='1131643'/>
        <property name='download.md5' value='49fa39d9170d236023ec2db6f8ff5873'/>
        <property name='download.checksum.md5' value='49fa39d9170d236023ec2db6f8ff5873'/>
        <property name='download.checksum.sha-256' value='e94b3fa0e5b62eca1970984bb7fd87fc1d2e3f6ca46c3729bb2533f2aade5342'/>
        <property name='maven-groupId' value='org.eclipse.lsp4j'/>
        <property name='maven-artifactId' value='org.eclipse.lsp4j'/>
        <property name='maven-version' value='0.21.1'/>
        <property name='maven-repository' value='local-gradle-result'/>
        <property name='download.checksum.sha-512' value='aad2d5fcc849cfb67f91c8733aed9d472229b72ff83abf7b5cded8e8dd6426a488fb1c8edb20c218df093902ae70439e14f5da087a34de1a8bddca8bbce18873'/>
        <property name='download.checksum.sha-1' value='9bbadb120b0759faf8ef1b009ce21ebc78ea069c'/>
      </properties>
    </artifact>
    <artifact classifier='osgi.bundle' id='org.eclipse.lsp4e' version='0.18.2.202401081039'>
      <properties size='9'>
        <property name='artifact.size' value='700417'/>
        <property name='download.size' value='700417'/>
        <property name='download.checksum.sha-512' value='2292a94b732ad7728e5fe2e5644aeb30ca1fc2cd3f562f285db20afcf239f4906a719831b6991f0dbf97cc02bde855870f2f7720bd9e2a4fa54e9f311011eb9d'/>
        <property name='download.checksum.sha-1' value='ebabbb9f057475a9ef82475c85f84f03336ac38a'/>
        <property name='download.checksum.sha-256' value='1edba917addb61caf04b871ebbb6143c4b74aa182a3baba42742216385905192'/>
        <property name='maven-groupId' value='org.eclipse.lsp4e'/>
        <property name='maven-artifactId' value='org.eclipse.lsp4e'/>
        <property name='maven-version' value='0.18.2-SNAPSHOT'/>
        <property name='maven-type' value='eclipse-plugin'/>
      </properties>
    </artifact>
    <artifact classifier='osgi.bundle' id='org.eclipse.lsp4e.test.source' version='0.15.8.202311102035'>
      <properties size='10'>
        <property name='artifact.size' value='133537'/>
        <property name='download.size' value='133537'/>
        <property name='download.checksum.sha-512' value='79c4cde84f05ea2df05ec9909e1135a064a99573caa488d2ebc3e416c727a9519440a1c77ad7b967a1e90b62a4f0a7e063acc9572ad714cb8f14823088e7f7f8'/>
        <property name='download.checksum.sha-1' value='8412cb3c896540844bb7817489e8167be2f4fce4'/>
        <property name='download.checksum.sha-256' value='07083e8040d7d7a468f7c55562d9bf0b7bfab0d071e45d4ec99f5eab94c6b16e'/>
        <property name='maven-groupId' value='org.eclipse.lsp4e'/>
        <property name='maven-artifactId' value='org.eclipse.lsp4e.test'/>
        <property name='maven-version' value='0.15.8-SNAPSHOT'/>
        <property name='maven-classifier' value='sources'/>
        <property name='maven-type' value='java-source'/>
      </properties>
    </artifact>
    <artifact classifier='osgi.bundle' id='org.eclipse.lsp4e.source' version='0.18.2.202401081039'>
      <properties size='10'>
        <property name='artifact.size' value='294579'/>
        <property name='download.size' value='294579'/>
        <property name='download.checksum.sha-512' value='0244fafcb3a31d23ba251ca3767558c27a32509e1f7ab194dadbc9423bcddb59a8ea810952450fe3e00523cd60e414fefc784120bb56d63dafcc835a0cd4ddf2'/>
        <property name='download.checksum.sha-1' value='a91a45bf724e57f90971d1035870171f640799c2'/>
        <property name='download.checksum.sha-256' value='31fcf51fdf4b8af3e8e8d52abc54dfbe78d375b6c713e1707a02130445660fcd'/>
        <property name='maven-groupId' value='org.eclipse.lsp4e'/>
        <property name='maven-artifactId' value='org.eclipse.lsp4e'/>
        <property name='maven-version' value='0.18.2-SNAPSHOT'/>
        <property name='maven-classifier' value='sources'/>
        <property name='maven-type' value='java-source'/>
      </properties>
    </artifact>
    <artifact classifier='osgi.bundle' id='org.eclipse.lsp4e.tests.mock.source' version='0.16.7.202311102035'>
      <properties size='10'>
        <property name='artifact.size' value='20404'/>
        <property name='download.size' value='20404'/>
        <property name='download.checksum.sha-512' value='50913e04c12c485e4712a5c2991f2014106ad02a445b19489c686cdefa223ef5d92d9f5e3433b0e3210abe93b738b0d899663b6e7e0aa803e24fb714e40ea0ee'/>
        <property name='download.checksum.sha-1' value='382dbb56ee7393f0e72561a042c5cdd3cb18e954'/>
        <property name='download.checksum.sha-256' value='e99d47f29d7c1c4e13b3f4294fdc3530ee21360030397613a79f8e9d8ec83d08'/>
        <property name='maven-groupId' value='org.eclipse.lsp4e'/>
        <property name='maven-artifactId' value='org.eclipse.lsp4e.tests.mock'/>
        <property name='maven-version' value='0.16.7-SNAPSHOT'/>
        <property name='maven-classifier' value='sources'/>
        <property name='maven-type' value='java-source'/>
      </properties>
    </artifact>
    <artifact classifier='osgi.bundle' id='org.eclipse.lsp4e.jdt' version='0.12.0.202312111256'>
      <properties size='9'>
        <property name='artifact.size' value='29320'/>
        <property name='download.size' value='29320'/>
        <property name='download.checksum.sha-512' value='095d9932174fbfe66eea10596fb9d45293119b173d306bb093b8f2f4375a59bad4be3ce0370de3911a676cf019be247658355dc543ed1978b56e0a88c74dd213'/>
        <property name='download.checksum.sha-1' value='dc7508a375130a78ec78686a730b74c007345ab7'/>
        <property name='download.checksum.sha-256' value='c781d2ca24920abff57f287fe7c40cc600059ee45e18bd76c4cdfcc41eabb937'/>
        <property name='maven-groupId' value='org.eclipse.lsp4e'/>
        <property name='maven-artifactId' value='org.eclipse.lsp4e.jdt'/>
        <property name='maven-version' value='0.12.0-SNAPSHOT'/>
        <property name='maven-type' value='eclipse-plugin'/>
      </properties>
    </artifact>
    <artifact classifier='osgi.bundle' id='org.eclipse.lsp4e.jdt.source' version='0.12.0.202312111256'>
      <properties size='10'>
        <property name='artifact.size' value='16920'/>
        <property name='download.size' value='16920'/>
        <property name='download.checksum.sha-512' value='d3c0204204252598de3d5f5df787a16dba03fb0710a0667ad7d5f2760564fc15c05dbb640d8553132c70817dee10b92f7634582a9fa6b0348565b1ca7c0c0383'/>
        <property name='download.checksum.sha-1' value='3f662f0f09928ac409d7ff80c7072a2d54e19d1d'/>
        <property name='download.checksum.sha-256' value='e3959d6d301b66c3cb6831661e1bb4edeb1573d6777677adf9fdd8cc0f8f18dc'/>
        <property name='maven-groupId' value='org.eclipse.lsp4e'/>
        <property name='maven-artifactId' value='org.eclipse.lsp4e.jdt'/>
        <property name='maven-version' value='0.12.0-SNAPSHOT'/>
        <property name='maven-classifier' value='sources'/>
        <property name='maven-type' value='java-source'/>
      </properties>
    </artifact>
    <artifact classifier='osgi.bundle' id='org.eclipse.lsp4e.tests.mock' version='0.16.7.202311102035'>
      <properties size='9'>
        <property name='artifact.size' value='38045'/>
        <property name='download.size' value='38045'/>
        <property name='download.checksum.sha-512' value='228df255f75e7d62b196b795e1a7ef06f360901a93260d84e15223aa07dd9796b50bb211fa4d5854f2d6041ea3a88b572c763a83b7482916b12ecce5e8a2bd92'/>
        <property name='download.checksum.sha-1' value='2f2b0dbb2271a4c1c5d5e588281a7586119073f4'/>
        <property name='download.checksum.sha-256' value='c1da6bd70e01f20670a39dcebc1dffc9908fc2cf110df526f7bd9a58739511f6'/>
        <property name='maven-groupId' value='org.eclipse.lsp4e'/>
        <property name='maven-artifactId' value='org.eclipse.lsp4e.tests.mock'/>
        <property name='maven-version' value='0.16.7-SNAPSHOT'/>
        <property name='maven-type' value='eclipse-plugin'/>
      </properties>
    </artifact>
    <artifact classifier='osgi.bundle' id='org.eclipse.lsp4j.jsonrpc' version='0.21.1.v20230829-0012'>
      <properties size='11'>
        <property name='artifact.size' value='138683'/>
        <property name='download.size' value='138683'/>
        <property name='download.md5' value='f65f4a5e1432c44129f14cfaf05ae6f0'/>
        <property name='download.checksum.md5' value='f65f4a5e1432c44129f14cfaf05ae6f0'/>
        <property name='download.checksum.sha-256' value='a1ed2343f91d290d71dd94f901f13bfdc69c3d36db52a383d8a80f5f432e4358'/>
        <property name='maven-groupId' value='org.eclipse.lsp4j'/>
        <property name='maven-artifactId' value='org.eclipse.lsp4j.jsonrpc'/>
        <property name='maven-version' value='0.21.1'/>
        <property name='maven-repository' value='local-gradle-result'/>
        <property name='download.checksum.sha-512' value='d0233033bdd8ae839130948d3224de215fb820f9af5ba1fcc09fd758a686197c113bce27a697a3620c3878ba67163c4056344a5b336126ce2ab1d21c4639e8c4'/>
        <property name='download.checksum.sha-1' value='bb90485ee517d0045191ce90de35278863f59be4'/>
      </properties>
    </artifact>
    <artifact classifier='osgi.bundle' id='org.eclipse.lsp4j.debug' version='0.21.1.v20230829-0012'>
      <properties size='11'>
        <property name='artifact.size' value='416686'/>
        <property name='download.size' value='416686'/>
        <property name='download.md5' value='75a330852ce347b19761eb850f21af1e'/>
        <property name='download.checksum.md5' value='75a330852ce347b19761eb850f21af1e'/>
        <property name='download.checksum.sha-256' value='4eb8196cc60e832a75080c855f4723b138b6fa7bf287b72d5ae2c05b97528e05'/>
        <property name='maven-groupId' value='org.eclipse.lsp4j'/>
        <property name='maven-artifactId' value='org.eclipse.lsp4j.debug'/>
        <property name='maven-version' value='0.21.1'/>
        <property name='maven-repository' value='local-gradle-result'/>
        <property name='download.checksum.sha-512' value='0ab8da0860ebc5b658f3f8549855ddbef10d204757ce4bd287539a371eb323a6cf6c13d47eed88e701b34d07b7e6f2ddfe256c8f407e05af86fb269aeb96102b'/>
        <property name='download.checksum.sha-1' value='1d76751bcc97d1b819f254b95f87cef17c4b79c8'/>
      </properties>
    </artifact>
    <artifact classifier='osgi.bundle' id='com.google.gson' version='2.10.1'>
      <properties size='14'>
        <property name='maven-groupId' value='com.google.code.gson'/>
        <property name='maven-artifactId' value='gson'/>
        <property name='maven-version' value='2.10.1'/>
        <property name='maven-repository' value='eclipse.maven.central.mirror'/>
        <property name='maven-type' value='jar'/>
        <property name='download.checksum.sha-1' value='b3add478d4382b78ea20b1671390a858002feb6c'/>
        <property name='download.size' value='283367'/>
        <property name='artifact.size' value='283367'/>
        <property name='download.checksum.sha-512' value='7503e4b8d05c6cc0ecb3a94c5a2e070e049083a441003a79a0cdf474f4286699b4ba1d2a655ddabb8ba10c50e7c36a7045cccdaee465166d4630db647aba2727'/>
        <property name='download.checksum.sha-256' value='4241c14a7727c34feea6507ec801318a3d4a90f070e4525681079fb94ee4c593'/>
        <property name='pgp.signatures' value='-----BEGIN PGP SIGNATURE-----&#xA;&#xA;iQIzBAABCAAdBQJk5F6cFiEEriAoj7msa1BodJn/XCgkegjDu6cACgkQXCgkegjD&#xA;u6dbSw/8Cm6xTq7hyQ56CQSgofef0L42HW7ulPmm0ioSmmIZPhwVAmStXbUHQEy6&#xA;PPfhj0lTw1y6rNWuomFLLgU/hh3uJp2MWVP7DBqZ7opY5vJY7oI2nc817ZQs2+Um&#xA;6lsd1nq0rKagyv8Elv3YSj1Ox2IK4G79lwKKg+vwJ+XbU4TQ5Xaj+HSgzNaWeMTB&#xA;2qBV9X1eERC5MF46SpLmKF1KLcuoq2ss3wBv/AXzCIETNxPdVtrM6Lkr5VZAHt5M&#xA;aGOUocTciORLArTa0Mogiv+CP7MYZ8Ap7EbEwiK1+VMm8PNW0lFzIWIyu+ARF7oO&#xA;mEmaYo3aG+i/Me0dt/xjKe9uVIHKqyWffVzdV3KOqjxDSJxu2Vg8IM4IB/evBJO4&#xA;RrFj/kiO1LlshWDe/f/Nk11GdeWFKNjUzpAJ2b2L2ubwKlgF52A3q5NbX0swQWeQ&#xA;E4x5g9g2istAK49334quRUT+DeotluQ2UxnDUsDzTwTP6HToDXcFTt6YucjTPSjo&#xA;BkqmNBDkBFr/afuT2EOY4GgJJURnFPhnHbiQzs9GSV2qwdf/4yg4ctpweBBCXXuU&#xA;DQZ6nI2nKHZjQWPwngitVnw6DAl4EuSkFXK66uL5ifrXjBFMXft0bWJ+GtEjduZK&#xA;uZBAQe3DGaKIHG/dAaNQrmIrUzJdBcdrvmRAcT70GSo5XODhBb8=&#xA;=fA+c&#xA;-----END PGP SIGNATURE-----'/>
        <property name='pgp.publicKeys' value='-----BEGIN PGP MESSAGE-----&#xA;&#xA;uQINBGSil/YBEACrN35cvBfmZEGUEcrqa3zH+Ng/FXoU33TDoAY20vD81br0xeYW&#xA;NIRpON6tZT73KIgntWDF/B+nE0g4UicIup9bauGAP7GeuSU0PB8mWhGDkk0tzSq9&#xA;XCg226z0PjBWWbHKy0F5fCp+/21SgKK7L8GRT27Vi/vvJglxtzznuPyFrex6k7/g&#xA;f6l4Tf3EWr6LUtSLBALbxNbJBikMdu58Mug+nYrS9R6Z12qb8yk/8szq6AYEXKyr&#xA;GJWKIYOd09lsCldJQbYot5HNFE4spWQz3P/MGxDSMUkxgfwzv/fRYV6bsvf7EB3r&#xA;sCja1J3d3XNi+nctHhwJbxMTSv5J2734p5V/GCbSHyJXOW5hhzjy17nomDeAXQGk&#xA;DZkvKp5BTG8bLrWq+PzregRcj2CSQT37x6elQVcC4I2OUOpE51ue8PCYH8CpCXQX&#xA;n9TIkwymcz0JkyMgBT05Wrijqw4IgPSQjRfmDs9tnNJYNgFUQBVulfBxZxWzpODG&#xA;S+LZvmAiRsyPX4Trej00nStN1vFBV+qdusxt3TQPFFSnHP6A+hYD5q+UZ527caKo&#xA;Sez5MZwYQ1QAwnftmoh4UwaxOBoug8OuAl5xsvg5bElNIEZFKAvh+tXnWfmZ7Ft8&#xA;4+aOtlmkjomH8jSNF2z1XITxxFcl+3ADupNCGLIo+tEIgMDKudXwzu71eQARAQAB&#xA;iQRyBBgBCAAmFiEEVsQHpZq+YAiGwOyEc3Iwh8H1jPgFAmSil/YCGwIFCQlmAYAC&#xA;QAkQc3Iwh8H1jPjBdCAEGQEIAB0WIQSuICiPuaxrUGh0mf9cKCR6CMO7pwUCZKKX&#xA;9gAKCRBcKCR6CMO7p9goD/9eCboq2DDhLybqP4fMiKNi2CbRvziXa1CdH34irbLt&#xA;BGILecMxar7V/yR//3d98y9a7EYfe4GyHEZFusIuF4h4aCgqj1wEPr/hu27DLgtG&#xA;JN8x8ANBanHKyu1L4By6f2L7ISsps7Q6H57aUGTWx/XFToqc6fauGIzDEDcaV7Ej&#xA;YM9no/YdruJQMmMQkuQwLGtm3iGz6By8VHIswHDE3BjwIcVRCogQ2iWfZRUkGg6r&#xA;olP16mt86cO+4B4bWrgd2N4oU4WahFccPRj33BvRrTVuTR1WRzo4kLoeij/1Mb/j&#xA;D3DNgQGKkEHVupB2lSNGtufqzN1+pUbWwHsVb7ORYTsNfRGecnIoLxOWhO4Ez8KG&#xA;6F7bLV69asYJ3QN3iZGfjpLEt+dGSqKzaOxwc939eLnUnye0sSUrVc9Y9kwFK8/b&#xA;4SeWXhO8E1bMVjiLdMeZuqNolt32WO5kiakKKB6kipyL7mThH282zj0qGQdBAr77&#xA;HHbG3rArQDM81N1FSIcOwJoJofPCLP3HRvscAfgkVdyZa9Jo0GbjvgKwqCHvWF2R&#xA;zgIwOR5zLBgKqFydzCdGoNzZOPdSdC97i5AmVhPeaiC1YdFKXQSBeb3dDr62fasP&#xA;sJRoY9dLwyBA16YVyJOhpN7s//Nhx3TAtvGvmRySQtKWswIClR2Ihg3wkozcqP4V&#xA;D624D/9gzX3qpqf4VF8odzt7DW4DSE1C8bM5gvxfAc913WYDhCssHOuQ1gpUdP9i&#xA;k4bIDTEN5QnAGBps5w0tpqJdzznmj0YCZr2XWKpemfPUo5F28QcH4MBgxjs3WVbs&#xA;8qELEzXZPbjiTAw3hugYKTHoxcMO26fIJoI7oSoEB+2+MXTsEP8ElGtg23PW+LDn&#xA;hd7iYbAwi70vVqwbS8U+yH9b1U0Zsnsd5PaDR5E4p2teW1AkCu14qjSeyORg6tl2&#xA;xK5yO1IH3C2+0jMV7oyKCbV720r9Wp7KipS3jN3zZDXi6e7CXXMuejy7EmujdH/B&#xA;v9nMEPwijMKpXaYMFa62QLa7qp49oKdI9Ru2VAS9f21JkQK06pYKz5ckvPCFc+V0&#xA;kA5kXa0Snwmmi7yryO9ViiTpoNrVmMukt+SRrs37yyQrE/qFSjYDZDzmfmW9Ynig&#xA;o0lylvHFVASflqJZ20D6LmhECvfyRfH85+Eod47aiH2JFu8J8UvQjlQeLWmGA81C&#xA;kBieHl5qtoEg/sxk3UyPzBaGW0JWe1k+l0P0qEb8GW0046MgEaY6HAwVIP6uIs39&#xA;LN2W8/5jiBtHRQl1sLJDshWLmIsg3Aq1c0z0jaoG1DI5ReXs24u/cY3uAUsU9Gi4&#xA;I9rLlXk7M4mFRCpLVyPrfykR+za36+mUJJELCEtnB5tEWtrOtQ==&#xA;=OqCe&#xA;-----END PGP MESSAGE-----'/>
        <property name='download.md5' value='df6097815738cb31fc56391553210843'/>
        <property name='download.checksum.md5' value='df6097815738cb31fc56391553210843'/>
      </properties>
    </artifact>
  </artifacts>
</repository>
